DIST,FR,V,CONC.,D
10,0.2,16,8,274.6
10,0.2,16,9,323.9
10,0.2,16,10,373.2
10,0.2,16,11,422.5
10,0.2,16,12,471.8
10,0.2,17,8,324.4
10,0.2,17,9,373.7
10,0.2,17,10,423
10,0.2,17,11,472.3
10,0.2,17,12,521.6
10,0.2,18,8,374.2
10,0.2,18,9,423.5
10,0.2,18,10,472.8
10,0.2,18,11,522.1
10,0.2,18,12,571.4
10,0.2,19,8,424
10,0.2,19,9,473.3
10,0.2,19,10,522.6
10,0.2,19,11,571.9
10,0.2,19,12,621.2
10,0.2,20,8,473.8
10,0.2,20,9,523.1
10,0.2,20,10,572.4
10,0.2,20,11,621.7
10,0.2,20,12,671
10,0.3,16,8,319.3
10,0.3,16,9,368.6
10,0.3,16,10,417.9
10,0.3,16,11,467.2
10,0.3,16,12,516.5
10,0.3,17,8,369.1
10,0.3,17,9,418.4
10,0.3,17,10,467.7
10,0.3,17,11,517
10,0.3,17,12,566.3
10,0.3,18,8,418.9
10,0.3,18,9,468.2
10,0.3,18,10,517.5
10,0.3,18,11,566.8
10,0.3,18,12,616.1
10,0.3,19,8,468.7
10,0.3,19,9,518
10,0.3,19,10,567.3
10,0.3,19,11,616.6
10,0.3,19,12,665.9
10,0.3,20,8,518.5
10,0.3,20,9,567.8
10,0.3,20,10,617.1
10,0.3,20,11,666.4
10,0.3,20,12,715.7
10,0.4,16,8,364
10,0.4,16,9,413.3
10,0.4,16,10,462.6
10,0.4,16,11,511.9
10,0.4,16,12,561.2
10,0.4,17,8,413.8
10,0.4,17,9,463.1
10,0.4,17,10,512.4
10,0.4,17,11,561.7
10,0.4,17,12,611
10,0.4,18,8,463.6
10,0.4,18,9,512.9
10,0.4,18,10,562.2
10,0.4,18,11,611.5
10,0.4,18,12,660.8
10,0.4,19,8,513.4
10,0.4,19,9,562.7
10,0.4,19,10,612
10,0.4,19,11,661.3
10,0.4,19,12,710.6
10,0.4,20,8,563.2
10,0.4,20,9,612.5
10,0.4,20,10,661.8
10,0.4,20,11,711.1
10,0.4,20,12,760.4
10,0.5,16,8,408.7
10,0.5,16,9,458
10,0.5,16,10,507.3
10,0.5,16,11,556.6
10,0.5,16,12,605.9
10,0.5,17,8,458.5
10,0.5,17,9,507.8
10,0.5,17,10,557.1
10,0.5,17,11,606.4
10,0.5,17,12,655.7
10,0.5,18,8,508.3
10,0.5,18,9,557.6
10,0.5,18,10,606.9
10,0.5,18,11,656.2
10,0.5,18,12,705.5
10,0.5,19,8,558.1
10,0.5,19,9,607.4
10,0.5,19,10,656.7
10,0.5,19,11,706
10,0.5,19,12,755.3
10,0.5,20,8,607.9
10,0.5,20,9,657.2
10,0.5,20,10,706.5
10,0.5,20,11,755.8
10,0.5,20,12,805.1
10,0.6,16,8,453.4
10,0.6,16,9,502.7
10,0.6,16,10,552
10,0.6,16,11,601.3
10,0.6,16,12,650.6
10,0.6,17,8,503.2
10,0.6,17,9,552.5
10,0.6,17,10,601.8
10,0.6,17,11,651.1
10,0.6,17,12,700.4
10,0.6,18,8,553
10,0.6,18,9,602.3
10,0.6,18,10,651.6
10,0.6,18,11,700.9
10,0.6,18,12,750.2
10,0.6,19,8,602.8
10,0.6,19,9,652.1
10,0.6,19,10,701.4
10,0.6,19,11,750.7
10,0.6,19,12,800
10,0.6,20,8,652.6
10,0.6,20,9,701.9
10,0.6,20,10,751.2
10,0.6,20,11,800.5
10,0.6,20,12,849.8
10,0.7,16,8,498.1
10,0.7,16,9,547.4
10,0.7,16,10,596.7
10,0.7,16,11,646
10,0.7,16,12,695.3
10,0.7,17,8,547.9
10,0.7,17,9,597.2
10,0.7,17,10,646.5
10,0.7,17,11,695.8
10,0.7,17,12,745.1
10,0.7,18,8,597.7
10,0.7,18,9,647
10,0.7,18,10,696.3
10,0.7,18,11,745.6
10,0.7,18,12,794.9
10,0.7,19,8,647.5
10,0.7,19,9,696.8
10,0.7,19,10,746.1
10,0.7,19,11,795.4
10,0.7,19,12,844.7
10,0.7,20,8,697.3
10,0.7,20,9,746.6
10,0.7,20,10,795.9
10,0.7,20,11,845.2
10,0.7,20,12,894.5
10,0.8,16,8,542.8
10,0.8,16,9,592.1
10,0.8,16,10,641.4
10,0.8,16,11,690.7
10,0.8,16,12,740
10,0.8,17,8,592.6
10,0.8,17,9,641.9
10,0.8,17,10,691.2
10,0.8,17,11,740.5
10,0.8,17,12,789.8
10,0.8,18,8,642.4
10,0.8,18,9,691.7
10,0.8,18,10,741
10,0.8,18,11,790.3
10,0.8,18,12,839.6
10,0.8,19,8,692.2
10,0.8,19,9,741.5
10,0.8,19,10,790.8
10,0.8,19,11,840.1
10,0.8,19,12,889.4
10,0.8,20,8,742
10,0.8,20,9,791.3
10,0.8,20,10,840.6
10,0.8,20,11,889.9
10,0.8,20,12,939.2
10,0.9,16,8,587.5
10,0.9,16,9,636.8
10,0.9,16,10,686.1
10,0.9,16,11,735.4
10,0.9,16,12,784.7
10,0.9,17,8,637.3
10,0.9,17,9,686.6
10,0.9,17,10,735.9
10,0.9,17,11,785.2
10,0.9,17,12,834.5
10,0.9,18,8,687.1
10,0.9,18,9,736.4
10,0.9,18,10,785.7
10,0.9,18,11,835
10,0.9,18,12,884.3
10,0.9,19,8,736.9
10,0.9,19,9,786.2
10,0.9,19,10,835.5
10,0.9,19,11,884.8
10,0.9,19,12,934.1
10,0.9,20,8,786.7
10,0.9,20,9,836
10,0.9,20,10,885.3
10,0.9,20,11,934.6
10,0.9,20,12,983.9
10,1,16,8,632.2
10,1,16,9,681.5
10,1,16,10,730.8
10,1,16,11,780.1
10,1,16,12,829.4
10,1,17,8,682
10,1,17,9,731.3
10,1,17,10,780.6
10,1,17,11,829.9
10,1,17,12,879.2
10,1,18,8,731.8
10,1,18,9,781.1
10,1,18,10,830.4
10,1,18,11,879.7
10,1,18,12,929
10,1,19,8,781.6
10,1,19,9,830.9
10,1,19,10,880.2
10,1,19,11,929.5
10,1,19,12,978.8
10,1,20,8,831.4
10,1,20,9,880.7
10,1,20,10,930
10,1,20,11,979.3
10,1,20,12,1028.6
11,0.2,16,8,285.7
11,0.2,16,9,335
11,0.2,16,10,384.3
11,0.2,16,11,433.6
11,0.2,16,12,482.9
11,0.2,17,8,335.5
11,0.2,17,9,384.8
11,0.2,17,10,434.1
11,0.2,17,11,483.4
11,0.2,17,12,532.7
11,0.2,18,8,385.3
11,0.2,18,9,434.6
11,0.2,18,10,483.9
11,0.2,18,11,533.2
11,0.2,18,12,582.5
11,0.2,19,8,435.1
11,0.2,19,9,484.4
11,0.2,19,10,533.7
11,0.2,19,11,583
11,0.2,19,12,632.3
11,0.2,20,8,484.9
11,0.2,20,9,534.2
11,0.2,20,10,583.5
11,0.2,20,11,632.8
11,0.2,20,12,682.1
11,0.3,16,8,330.4
11,0.3,16,9,379.7
11,0.3,16,10,429
11,0.3,16,11,478.3
11,0.3,16,12,527.6
11,0.3,17,8,380.2
11,0.3,17,9,429.5
11,0.3,17,10,478.8
11,0.3,17,11,528.1
11,0.3,17,12,577.4
11,0.3,18,8,430
11,0.3,18,9,479.3
11,0.3,18,10,528.6
11,0.3,18,11,577.9
11,0.3,18,12,627.2
11,0.3,19,8,479.8
11,0.3,19,9,529.1
11,0.3,19,10,578.4
11,0.3,19,11,627.7
11,0.3,19,12,677
11,0.3,20,8,529.6
11,0.3,20,9,578.9
11,0.3,20,10,628.2
11,0.3,20,11,677.5
11,0.3,20,12,726.8
11,0.4,16,8,375.1
11,0.4,16,9,424.4
11,0.4,16,10,473.7
11,0.4,16,11,523
11,0.4,16,12,572.3
11,0.4,17,8,424.9
11,0.4,17,9,474.2
11,0.4,17,10,523.5
11,0.4,17,11,572.8
11,0.4,17,12,622.1
11,0.4,18,8,474.7
11,0.4,18,9,524
11,0.4,18,10,573.3
11,0.4,18,11,622.6
11,0.4,18,12,671.9
11,0.4,19,8,524.5
11,0.4,19,9,573.8
11,0.4,19,10,623.1
11,0.4,19,11,672.4
11,0.4,19,12,721.7
11,0.4,20,8,574.3
11,0.4,20,9,623.6
11,0.4,20,10,672.9
11,0.4,20,11,722.2
11,0.4,20,12,771.5
11,0.5,16,8,419.8
11,0.5,16,9,469.1
11,0.5,16,10,518.4
11,0.5,16,11,567.7
11,0.5,16,12,617
11,0.5,17,8,469.6
11,0.5,17,9,518.9
11,0.5,17,10,568.2
11,0.5,17,11,617.5
11,0.5,17,12,666.8
11,0.5,18,8,519.4
11,0.5,18,9,568.7
11,0.5,18,10,618
11,0.5,18,11,667.3
11,0.5,18,12,716.6
11,0.5,19,8,569.2
11,0.5,19,9,618.5
11,0.5,19,10,667.8
11,0.5,19,11,717.1
11,0.5,19,12,766.4
11,0.5,20,8,619
11,0.5,20,9,668.3
11,0.5,20,10,717.6
11,0.5,20,11,766.9
11,0.5,20,12,816.2
11,0.6,16,8,464.5
11,0.6,16,9,513.8
11,0.6,16,10,563.1
11,0.6,16,11,612.4
11,0.6,16,12,661.7
11,0.6,17,8,514.3
11,0.6,17,9,563.6
11,0.6,17,10,612.9
11,0.6,17,11,662.2
11,0.6,17,12,711.5
11,0.6,18,8,564.1
11,0.6,18,9,613.4
11,0.6,18,10,662.7
11,0.6,18,11,712
11,0.6,18,12,761.3
11,0.6,19,8,613.9
11,0.6,19,9,663.2
11,0.6,19,10,712.5
11,0.6,19,11,761.8
11,0.6,19,12,811.1
11,0.6,20,8,663.7
11,0.6,20,9,713
11,0.6,20,10,762.3
11,0.6,20,11,811.6
11,0.6,20,12,860.9
11,0.7,16,8,509.2
11,0.7,16,9,558.5
11,0.7,16,10,607.8
11,0.7,16,11,657.1
11,0.7,16,12,706.4
11,0.7,17,8,559
11,0.7,17,9,608.3
11,0.7,17,10,657.6
11,0.7,17,11,706.9
11,0.7,17,12,756.2
11,0.7,18,8,608.8
11,0.7,18,9,658.1
11,0.7,18,10,707.4
11,0.7,18,11,756.7
11,0.7,18,12,806
11,0.7,19,8,658.6
11,0.7,19,9,707.9
11,0.7,19,10,757.2
11,0.7,19,11,806.5
11,0.7,19,12,855.8
11,0.7,20,8,708.4
11,0.7,20,9,757.7
11,0.7,20,10,807
11,0.7,20,11,856.3
11,0.7,20,12,905.6
11,0.8,16,8,553.9
11,0.8,16,9,603.2
11,0.8,16,10,652.5
11,0.8,16,11,701.8
11,0.8,16,12,751.1
11,0.8,17,8,603.7
11,0.8,17,9,653
11,0.8,17,10,702.3
11,0.8,17,11,751.6
11,0.8,17,12,800.9
11,0.8,18,8,653.5
11,0.8,18,9,702.8
11,0.8,18,10,752.1
11,0.8,18,11,801.4
11,0.8,18,12,850.7
11,0.8,19,8,703.3
11,0.8,19,9,752.6
11,0.8,19,10,801.9
11,0.8,19,11,851.2
11,0.8,19,12,900.5
11,0.8,20,8,753.1
11,0.8,20,9,802.4
11,0.8,20,10,851.7
11,0.8,20,11,901
11,0.8,20,12,950.3
11,0.9,16,8,598.6
11,0.9,16,9,647.9
11,0.9,16,10,697.2
11,0.9,16,11,746.5
11,0.9,16,12,795.8
11,0.9,17,8,648.4
11,0.9,17,9,697.7
11,0.9,17,10,747
11,0.9,17,11,796.3
11,0.9,17,12,845.6
11,0.9,18,8,698.2
11,0.9,18,9,747.5
11,0.9,18,10,796.8
11,0.9,18,11,846.1
11,0.9,18,12,895.4
11,0.9,19,8,748
11,0.9,19,9,797.3
11,0.9,19,10,846.6
11,0.9,19,11,895.9
11,0.9,19,12,945.2
11,0.9,20,8,797.8
11,0.9,20,9,847.1
11,0.9,20,10,896.4
11,0.9,20,11,945.7
11,0.9,20,12,995
11,1,16,8,643.3
11,1,16,9,692.6
11,1,16,10,741.9
11,1,16,11,791.2
11,1,16,12,840.5
11,1,17,8,693.1
11,1,17,9,742.4
11,1,17,10,791.7
11,1,17,11,841
11,1,17,12,890.3
11,1,18,8,742.9
11,1,18,9,792.2
11,1,18,10,841.5
11,1,18,11,890.8
11,1,18,12,940.1
11,1,19,8,792.7
11,1,19,9,842
11,1,19,10,891.3
11,1,19,11,940.6
11,1,19,12,989.9
11,1,20,8,842.5
11,1,20,9,891.8
11,1,20,10,941.1
11,1,20,11,990.4
11,1,20,12,1039.7
12,0.2,16,8,296.8
12,0.2,16,9,346.1
12,0.2,16,10,395.4
12,0.2,16,11,444.7
12,0.2,16,12,494
12,0.2,17,8,346.6
12,0.2,17,9,395.9
12,0.2,17,10,445.2
12,0.2,17,11,494.5
12,0.2,17,12,543.8
12,0.2,18,8,396.4
12,0.2,18,9,445.7
12,0.2,18,10,495
12,0.2,18,11,544.3
12,0.2,18,12,593.6
12,0.2,19,8,446.2
12,0.2,19,9,495.5
12,0.2,19,10,544.8
12,0.2,19,11,594.1
12,0.2,19,12,643.4
12,0.2,20,8,496
12,0.2,20,9,545.3
12,0.2,20,10,594.6
12,0.2,20,11,643.9
12,0.2,20,12,693.2
12,0.3,16,8,341.5
12,0.3,16,9,390.8
12,0.3,16,10,440.1
12,0.3,16,11,489.4
12,0.3,16,12,538.7
12,0.3,17,8,391.3
12,0.3,17,9,440.6
12,0.3,17,10,489.9
12,0.3,17,11,539.2
12,0.3,17,12,588.5
12,0.3,18,8,441.1
12,0.3,18,9,490.4
12,0.3,18,10,539.7
12,0.3,18,11,589
12,0.3,18,12,638.3
12,0.3,19,8,490.9
12,0.3,19,9,540.2
12,0.3,19,10,589.5
12,0.3,19,11,638.8
12,0.3,19,12,688.1
12,0.3,20,8,540.7
12,0.3,20,9,590
12,0.3,20,10,639.3
12,0.3,20,11,688.6
12,0.3,20,12,737.9
12,0.4,16,8,386.2
12,0.4,16,9,435.5
12,0.4,16,10,484.8
12,0.4,16,11,534.1
12,0.4,16,12,583.4
12,0.4,17,8,436
12,0.4,17,9,485.3
12,0.4,17,10,534.6
12,0.4,17,11,583.9
12,0.4,17,12,633.2
12,0.4,18,8,485.8
12,0.4,18,9,535.1
12,0.4,18,10,584.4
12,0.4,18,11,633.7
12,0.4,18,12,683
12,0.4,19,8,535.6
12,0.4,19,9,584.9
12,0.4,19,10,634.2
12,0.4,19,11,683.5
12,0.4,19,12,732.8
12,0.4,20,8,585.4
12,0.4,20,9,634.7
12,0.4,20,10,684
12,0.4,20,11,733.3
12,0.4,20,12,782.6
12,0.5,16,8,430.9
12,0.5,16,9,480.2
12,0.5,16,10,529.5
12,0.5,16,11,578.8
12,0.5,16,12,628.1
12,0.5,17,8,480.7
12,0.5,17,9,530
12,0.5,17,10,579.3
12,0.5,17,11,628.6
12,0.5,17,12,677.9
12,0.5,18,8,530.5
12,0.5,18,9,579.8
12,0.5,18,10,629.1
12,0.5,18,11,678.4
12,0.5,18,12,727.7
12,0.5,19,8,580.3
12,0.5,19,9,629.6
12,0.5,19,10,678.9
12,0.5,19,11,728.2
12,0.5,19,12,777.5
12,0.5,20,8,630.1
12,0.5,20,9,679.4
12,0.5,20,10,728.7
12,0.5,20,11,778
12,0.5,20,12,827.3
12,0.6,16,8,475.6
12,0.6,16,9,524.9
12,0.6,16,10,574.2
12,0.6,16,11,623.5
12,0.6,16,12,672.8
12,0.6,17,8,525.4
12,0.6,17,9,574.7
12,0.6,17,10,624
12,0.6,17,11,673.3
12,0.6,17,12,722.6
12,0.6,18,8,575.2
12,0.6,18,9,624.5
12,0.6,18,10,673.8
12,0.6,18,11,723.1
12,0.6,18,12,772.4
12,0.6,19,8,625
12,0.6,19,9,674.3
12,0.6,19,10,723.6
12,0.6,19,11,772.9
12,0.6,19,12,822.2
12,0.6,20,8,674.8
12,0.6,20,9,724.1
12,0.6,20,10,773.4
12,0.6,20,11,822.7
12,0.6,20,12,872
12,0.7,16,8,520.3
12,0.7,16,9,569.6
12,0.7,16,10,618.9
12,0.7,16,11,668.2
12,0.7,16,12,717.5
12,0.7,17,8,570.1
12,0.7,17,9,619.4
12,0.7,17,10,668.7
12,0.7,17,11,718
12,0.7,17,12,767.3
12,0.7,18,8,619.9
12,0.7,18,9,669.2
12,0.7,18,10,718.5
12,0.7,18,11,767.8
12,0.7,18,12,817.1
12,0.7,19,8,669.7
12,0.7,19,9,719
12,0.7,19,10,768.3
12,0.7,19,11,817.6
12,0.7,19,12,866.9
12,0.7,20,8,719.5
12,0.7,20,9,768.8
12,0.7,20,10,818.1
12,0.7,20,11,867.4
12,0.7,20,12,916.7
12,0.8,16,8,565
12,0.8,16,9,614.3
12,0.8,16,10,663.6
12,0.8,16,11,712.9
12,0.8,16,12,762.2
12,0.8,17,8,614.8
12,0.8,17,9,664.1
12,0.8,17,10,713.4
12,0.8,17,11,762.7
12,0.8,17,12,812
12,0.8,18,8,664.6
12,0.8,18,9,713.9
12,0.8,18,10,763.2
12,0.8,18,11,812.5
12,0.8,18,12,861.8
12,0.8,19,8,714.4
12,0.8,19,9,763.7
12,0.8,19,10,813
12,0.8,19,11,862.3
12,0.8,19,12,911.6
12,0.8,20,8,764.2
12,0.8,20,9,813.5
12,0.8,20,10,862.8
12,0.8,20,11,912.1
12,0.8,20,12,961.4
12,0.9,16,8,609.7
12,0.9,16,9,659
12,0.9,16,10,708.3
12,0.9,16,11,757.6
12,0.9,16,12,806.9
12,0.9,17,8,659.5
12,0.9,17,9,708.8
12,0.9,17,10,758.1
12,0.9,17,11,807.4
12,0.9,17,12,856.7
12,0.9,18,8,709.3
12,0.9,18,9,758.6
12,0.9,18,10,807.9
12,0.9,18,11,857.2
12,0.9,18,12,906.5
12,0.9,19,8,759.1
12,0.9,19,9,808.4
12,0.9,19,10,857.7
12,0.9,19,11,907
12,0.9,19,12,956.3
12,0.9,20,8,808.9
12,0.9,20,9,858.2
12,0.9,20,10,907.5
12,0.9,20,11,956.8
12,0.9,20,12,1006.1
12,1,16,8,654.4
12,1,16,9,703.7
12,1,16,10,753
12,1,16,11,802.3
12,1,16,12,851.6
12,1,17,8,704.2
12,1,17,9,753.5
12,1,17,10,802.8
12,1,17,11,852.1
12,1,17,12,901.4
12,1,18,8,754
12,1,18,9,803.3
12,1,18,10,852.6
12,1,18,11,901.9
12,1,18,12,951.2
12,1,19,8,803.8
12,1,19,9,853.1
12,1,19,10,902.4
12,1,19,11,951.7
12,1,19,12,1001
12,1,20,8,853.6
12,1,20,9,902.9
12,1,20,10,952.2
12,1,20,11,1001.5
12,1,20,12,1050.8
13,0.2,16,8,307.9
13,0.2,16,9,357.2
13,0.2,16,10,406.5
13,0.2,16,11,455.8
13,0.2,16,12,505.1
13,0.2,17,8,357.7
13,0.2,17,9,407
13,0.2,17,10,456.3
13,0.2,17,11,505.6
13,0.2,17,12,554.9
13,0.2,18,8,407.5
13,0.2,18,9,456.8
13,0.2,18,10,506.1
13,0.2,18,11,555.4
13,0.2,18,12,604.7
13,0.2,19,8,457.3
13,0.2,19,9,506.6
13,0.2,19,10,555.9
13,0.2,19,11,605.2
13,0.2,19,12,654.5
13,0.2,20,8,507.1
13,0.2,20,9,556.4
13,0.2,20,10,605.7
13,0.2,20,11,655
13,0.2,20,12,704.3
13,0.3,16,8,352.6
13,0.3,16,9,401.9
13,0.3,16,10,451.2
13,0.3,16,11,500.5
13,0.3,16,12,549.8
13,0.3,17,8,402.4
13,0.3,17,9,451.7
13,0.3,17,10,501
13,0.3,17,11,550.3
13,0.3,17,12,599.6
13,0.3,18,8,452.2
13,0.3,18,9,501.5
13,0.3,18,10,550.8
13,0.3,18,11,600.1
13,0.3,18,12,649.4
13,0.3,19,8,502
13,0.3,19,9,551.3
13,0.3,19,10,600.6
13,0.3,19,11,649.9
13,0.3,19,12,699.2
13,0.3,20,8,551.8
13,0.3,20,9,601.1
13,0.3,20,10,650.4
13,0.3,20,11,699.7
13,0.3,20,12,749
13,0.4,16,8,397.3
13,0.4,16,9,446.6
13,0.4,16,10,495.9
13,0.4,16,11,545.2
13,0.4,16,12,594.5
13,0.4,17,8,447.1
13,0.4,17,9,496.4
13,0.4,17,10,545.7
13,0.4,17,11,595
13,0.4,17,12,644.3
13,0.4,18,8,496.9
13,0.4,18,9,546.2
13,0.4,18,10,595.5
13,0.4,18,11,644.8
13,0.4,18,12,694.1
13,0.4,19,8,546.7
13,0.4,19,9,596
13,0.4,19,10,645.3
13,0.4,19,11,694.6
13,0.4,19,12,743.9
13,0.4,20,8,596.5
13,0.4,20,9,645.8
13,0.4,20,10,695.1
13,0.4,20,11,744.4
13,0.4,20,12,793.7
13,0.5,16,8,442
13,0.5,16,9,491.3
13,0.5,16,10,540.6
13,0.5,16,11,589.9
13,0.5,16,12,639.2
13,0.5,17,8,491.8
13,0.5,17,9,541.1
13,0.5,17,10,590.4
13,0.5,17,11,639.7
13,0.5,17,12,689
13,0.5,18,8,541.6
13,0.5,18,9,590.9
13,0.5,18,10,640.2
13,0.5,18,11,689.5
13,0.5,18,12,738.8
13,0.5,19,8,591.4
13,0.5,19,9,640.7
13,0.5,19,10,690
13,0.5,19,11,739.3
13,0.5,19,12,788.6
13,0.5,20,8,641.2
13,0.5,20,9,690.5
13,0.5,20,10,739.8
13,0.5,20,11,789.1
13,0.5,20,12,838.4
13,0.6,16,8,486.7
13,0.6,16,9,536
13,0.6,16,10,585.3
13,0.6,16,11,634.6
13,0.6,16,12,683.9
13,0.6,17,8,536.5
13,0.6,17,9,585.8
13,0.6,17,10,635.1
13,0.6,17,11,684.4
13,0.6,17,12,733.7
13,0.6,18,8,586.3
13,0.6,18,9,635.6
13,0.6,18,10,684.9
13,0.6,18,11,734.2
13,0.6,18,12,783.5
13,0.6,19,8,636.1
13,0.6,19,9,685.4
13,0.6,19,10,734.7
13,0.6,19,11,784
13,0.6,19,12,833.3
13,0.6,20,8,685.9
13,0.6,20,9,735.2
13,0.6,20,10,784.5
13,0.6,20,11,833.8
13,0.6,20,12,883.1
13,0.7,16,8,531.4
13,0.7,16,9,580.7
13,0.7,16,10,630
13,0.7,16,11,679.3
13,0.7,16,12,728.6
13,0.7,17,8,581.2
13,0.7,17,9,630.5
13,0.7,17,10,679.8
13,0.7,17,11,729.1
13,0.7,17,12,778.4
13,0.7,18,8,631
13,0.7,18,9,680.3
13,0.7,18,10,729.6
13,0.7,18,11,778.9
13,0.7,18,12,828.2
13,0.7,19,8,680.8
13,0.7,19,9,730.1
13,0.7,19,10,779.4
13,0.7,19,11,828.7
13,0.7,19,12,878
13,0.7,20,8,730.6
13,0.7,20,9,779.9
13,0.7,20,10,829.2
13,0.7,20,11,878.5
13,0.7,20,12,927.8
13,0.8,16,8,576.1
13,0.8,16,9,625.4
13,0.8,16,10,674.7
13,0.8,16,11,724
13,0.8,16,12,773.3
13,0.8,17,8,625.9
13,0.8,17,9,675.2
13,0.8,17,10,724.5
13,0.8,17,11,773.8
13,0.8,17,12,823.1
13,0.8,18,8,675.7
13,0.8,18,9,725
13,0.8,18,10,774.3
13,0.8,18,11,823.6
13,0.8,18,12,872.9
13,0.8,19,8,725.5
13,0.8,19,9,774.8
13,0.8,19,10,824.1
13,0.8,19,11,873.4
13,0.8,19,12,922.7
13,0.8,20,8,775.3
13,0.8,20,9,824.6
13,0.8,20,10,873.9
13,0.8,20,11,923.2
13,0.8,20,12,972.5
13,0.9,16,8,620.8
13,0.9,16,9,670.1
13,0.9,16,10,719.4
13,0.9,16,11,768.7
13,0.9,16,12,818
13,0.9,17,8,670.6
13,0.9,17,9,719.9
13,0.9,17,10,769.2
13,0.9,17,11,818.5
13,0.9,17,12,867.8
13,0.9,18,8,720.4
13,0.9,18,9,769.7
13,0.9,18,10,819
13,0.9,18,11,868.3
13,0.9,18,12,917.6
13,0.9,19,8,770.2
13,0.9,19,9,819.5
13,0.9,19,10,868.8
13,0.9,19,11,918.1
13,0.9,19,12,967.4
13,0.9,20,8,820
13,0.9,20,9,869.3
13,0.9,20,10,918.6
13,0.9,20,11,967.9
13,0.9,20,12,1017.2
13,1,16,8,665.5
13,1,16,9,714.8
13,1,16,10,764.1
13,1,16,11,813.4
13,1,16,12,862.7
13,1,17,8,715.3
13,1,17,9,764.6
13,1,17,10,813.9
13,1,17,11,863.2
13,1,17,12,912.5
13,1,18,8,765.1
13,1,18,9,814.4
13,1,18,10,863.7
13,1,18,11,913
13,1,18,12,962.3
13,1,19,8,814.9
13,1,19,9,864.2
13,1,19,10,913.5
13,1,19,11,962.8
13,1,19,12,1012.1
13,1,20,8,864.7
13,1,20,9,914
13,1,20,10,963.3
13,1,20,11,1012.6
13,1,20,12,1061.9
14,0.2,16,8,319
14,0.2,16,9,368.3
14,0.2,16,10,417.6
14,0.2,16,11,466.9
14,0.2,16,12,516.2
14,0.2,17,8,368.8
14,0.2,17,9,418.1
14,0.2,17,10,467.4
14,0.2,17,11,516.7
14,0.2,17,12,566
14,0.2,18,8,418.6
14,0.2,18,9,467.9
14,0.2,18,10,517.2
14,0.2,18,11,566.5
14,0.2,18,12,615.8
14,0.2,19,8,468.4
14,0.2,19,9,517.7
14,0.2,19,10,567
14,0.2,19,11,616.3
14,0.2,19,12,665.6
14,0.2,20,8,518.2
14,0.2,20,9,567.5
14,0.2,20,10,616.8
14,0.2,20,11,666.1
14,0.2,20,12,715.4
14,0.3,16,8,363.7
14,0.3,16,9,413
14,0.3,16,10,462.3
14,0.3,16,11,511.6
14,0.3,16,12,560.9
14,0.3,17,8,413.5
14,0.3,17,9,462.8
14,0.3,17,10,512.1
14,0.3,17,11,561.4
14,0.3,17,12,610.7
14,0.3,18,8,463.3
14,0.3,18,9,512.6
14,0.3,18,10,561.9
14,0.3,18,11,611.2
14,0.3,18,12,660.5
14,0.3,19,8,513.1
14,0.3,19,9,562.4
14,0.3,19,10,611.7
14,0.3,19,11,661
14,0.3,19,12,710.3
14,0.3,20,8,562.9
14,0.3,20,9,612.2
14,0.3,20,10,661.5
14,0.3,20,11,710.8
14,0.3,20,12,760.1
14,0.4,16,8,408.4
14,0.4,16,9,457.7
14,0.4,16,10,507
14,0.4,16,11,556.3
14,0.4,16,12,605.6
14,0.4,17,8,458.2
14,0.4,17,9,507.5
14,0.4,17,10,556.8
14,0.4,17,11,606.1
14,0.4,17,12,655.4
14,0.4,18,8,508
14,0.4,18,9,557.3
14,0.4,18,10,606.6
14,0.4,18,11,655.9
14,0.4,18,12,705.2
14,0.4,19,8,557.8
14,0.4,19,9,607.1
14,0.4,19,10,656.4
14,0.4,19,11,705.7
14,0.4,19,12,755
14,0.4,20,8,607.6
14,0.4,20,9,656.9
14,0.4,20,10,706.2
14,0.4,20,11,755.5
14,0.4,20,12,804.8
14,0.5,16,8,453.1
14,0.5,16,9,502.4
14,0.5,16,10,551.7
14,0.5,16,11,601
14,0.5,16,12,650.3
14,0.5,17,8,502.9
14,0.5,17,9,552.2
14,0.5,17,10,601.5
14,0.5,17,11,650.8
14,0.5,17,12,700.1
14,0.5,18,8,552.7
14,0.5,18,9,602
14,0.5,18,10,651.3
14,0.5,18,11,700.6
14,0.5,18,12,749.9
14,0.5,19,8,602.5
14,0.5,19,9,651.8
14,0.5,19,10,701.1
14,0.5,19,11,750.4
14,0.5,19,12,799.7
14,0.5,20,8,652.3
14,0.5,20,9,701.6
14,0.5,20,10,750.9
14,0.5,20,11,800.2
14,0.5,20,12,849.5
14,0.6,16,8,497.8
14,0.6,16,9,547.1
14,0.6,16,10,596.4
14,0.6,16,11,645.7
14,0.6,16,12,695
14,0.6,17,8,547.6
14,0.6,17,9,596.9
14,0.6,17,10,646.2
14,0.6,17,11,695.5
14,0.6,17,12,744.8
14,0.6,18,8,597.4
14,0.6,18,9,646.7
14,0.6,18,10,696
14,0.6,18,11,745.3
14,0.6,18,12,794.6
14,0.6,19,8,647.2
14,0.6,19,9,696.5
14,0.6,19,10,745.8
14,0.6,19,11,795.1
14,0.6,19,12,844.4
14,0.6,20,8,697
14,0.6,20,9,746.3
14,0.6,20,10,795.6
14,0.6,20,11,844.9
14,0.6,20,12,894.2
14,0.7,16,8,542.5
14,0.7,16,9,591.8
14,0.7,16,10,641.1
14,0.7,16,11,690.4
14,0.7,16,12,739.7
14,0.7,17,8,592.3
14,0.7,17,9,641.6
14,0.7,17,10,690.9
14,0.7,17,11,740.2
14,0.7,17,12,789.5
14,0.7,18,8,642.1
14,0.7,18,9,691.4
14,0.7,18,10,740.7
14,0.7,18,11,790
14,0.7,18,12,839.3
14,0.7,19,8,691.9
14,0.7,19,9,741.2
14,0.7,19,10,790.5
14,0.7,19,11,839.8
14,0.7,19,12,889.1
14,0.7,20,8,741.7
14,0.7,20,9,791
14,0.7,20,10,840.3
14,0.7,20,11,889.6
14,0.7,20,12,938.9
14,0.8,16,8,587.2
14,0.8,16,9,636.5
14,0.8,16,10,685.8
14,0.8,16,11,735.1
14,0.8,16,12,784.4
14,0.8,17,8,637
14,0.8,17,9,686.3
14,0.8,17,10,735.6
14,0.8,17,11,784.9
14,0.8,17,12,834.2
14,0.8,18,8,686.8
14,0.8,18,9,736.1
14,0.8,18,10,785.4
14,0.8,18,11,834.7
14,0.8,18,12,884
14,0.8,19,8,736.6
14,0.8,19,9,785.9
14,0.8,19,10,835.2
14,0.8,19,11,884.5
14,0.8,19,12,933.8
14,0.8,20,8,786.4
14,0.8,20,9,835.7
14,0.8,20,10,885
14,0.8,20,11,934.3
14,0.8,20,12,983.6
14,0.9,16,8,631.9
14,0.9,16,9,681.2
14,0.9,16,10,730.5
14,0.9,16,11,779.8
14,0.9,16,12,829.1
14,0.9,17,8,681.7
14,0.9,17,9,731
14,0.9,17,10,780.3
14,0.9,17,11,829.6
14,0.9,17,12,878.9
14,0.9,18,8,731.5
14,0.9,18,9,780.8
14,0.9,18,10,830.1
14,0.9,18,11,879.4
14,0.9,18,12,928.7
14,0.9,19,8,781.3
14,0.9,19,9,830.6
14,0.9,19,10,879.9
14,0.9,19,11,929.2
14,0.9,19,12,978.5
14,0.9,20,8,831.1
14,0.9,20,9,880.4
14,0.9,20,10,929.7
14,0.9,20,11,979
14,0.9,20,12,1028.3
14,1,16,8,676.6
14,1,16,9,725.9
14,1,16,10,775.2
14,1,16,11,824.5
14,1,16,12,873.8
14,1,17,8,726.4
14,1,17,9,775.7
14,1,17,10,825
14,1,17,11,874.3
14,1,17,12,923.6
14,1,18,8,776.2
14,1,18,9,825.5
14,1,18,10,874.8
14,1,18,11,924.1
14,1,18,12,973.4
14,1,19,8,826
14,1,19,9,875.3
14,1,19,10,924.6
14,1,19,11,973.9
14,1,19,12,1023.2
14,1,20,8,875.8
14,1,20,9,925.1
14,1,20,10,974.4
14,1,20,11,1023.7
14,1,20,12,1073
15,0.2,16,8,330.1
15,0.2,16,9,379.4
15,0.2,16,10,428.7
15,0.2,16,11,478
15,0.2,16,12,527.3
15,0.2,17,8,379.9
15,0.2,17,9,429.2
15,0.2,17,10,478.5
15,0.2,17,11,527.8
15,0.2,17,12,577.1
15,0.2,18,8,429.7
15,0.2,18,9,479
15,0.2,18,10,528.3
15,0.2,18,11,577.6
15,0.2,18,12,626.9
15,0.2,19,8,479.5
15,0.2,19,9,528.8
15,0.2,19,10,578.1
15,0.2,19,11,627.4
15,0.2,19,12,676.7
15,0.2,20,8,529.3
15,0.2,20,9,578.6
15,0.2,20,10,627.9
15,0.2,20,11,677.2
15,0.2,20,12,726.5
15,0.3,16,8,374.8
15,0.3,16,9,424.1
15,0.3,16,10,473.4
15,0.3,16,11,522.7
15,0.3,16,12,572
15,0.3,17,8,424.6
15,0.3,17,9,473.9
15,0.3,17,10,523.2
15,0.3,17,11,572.5
15,0.3,17,12,621.8
15,0.3,18,8,474.4
15,0.3,18,9,523.7
15,0.3,18,10,573
15,0.3,18,11,622.3
15,0.3,18,12,671.6
15,0.3,19,8,524.2
15,0.3,19,9,573.5
15,0.3,19,10,622.8
15,0.3,19,11,672.1
15,0.3,19,12,721.4
15,0.3,20,8,574
15,0.3,20,9,623.3
15,0.3,20,10,672.6
15,0.3,20,11,721.9
15,0.3,20,12,771.2
15,0.4,16,8,419.5
15,0.4,16,9,468.8
15,0.4,16,10,518.1
15,0.4,16,11,567.4
15,0.4,16,12,616.7
15,0.4,17,8,469.3
15,0.4,17,9,518.6
15,0.4,17,10,567.9
15,0.4,17,11,617.2
15,0.4,17,12,666.5
15,0.4,18,8,519.1
15,0.4,18,9,568.4
15,0.4,18,10,617.7
15,0.4,18,11,667
15,0.4,18,12,716.3
15,0.4,19,8,568.9
15,0.4,19,9,618.2
15,0.4,19,10,667.5
15,0.4,19,11,716.8
15,0.4,19,12,766.1
15,0.4,20,8,618.7
15,0.4,20,9,668
15,0.4,20,10,717.3
15,0.4,20,11,766.6
15,0.4,20,12,815.9
15,0.5,16,8,464.2
15,0.5,16,9,513.5
15,0.5,16,10,562.8
15,0.5,16,11,612.1
15,0.5,16,12,661.4
15,0.5,17,8,514
15,0.5,17,9,563.3
15,0.5,17,10,612.6
15,0.5,17,11,661.9
15,0.5,17,12,711.2
15,0.5,18,8,563.8
15,0.5,18,9,613.1
15,0.5,18,10,662.4
15,0.5,18,11,711.7
15,0.5,18,12,761
15,0.5,19,8,613.6
15,0.5,19,9,662.9
15,0.5,19,10,712.2
15,0.5,19,11,761.5
15,0.5,19,12,810.8
15,0.5,20,8,663.4
15,0.5,20,9,712.7
15,0.5,20,10,762
15,0.5,20,11,811.3
15,0.5,20,12,860.6
15,0.6,16,8,508.9
15,0.6,16,9,558.2
15,0.6,16,10,607.5
15,0.6,16,11,656.8
15,0.6,16,12,706.1
15,0.6,17,8,558.7
15,0.6,17,9,608
15,0.6,17,10,657.3
15,0.6,17,11,706.6
15,0.6,17,12,755.9
15,0.6,18,8,608.5
15,0.6,18,9,657.8
15,0.6,18,10,707.1
15,0.6,18,11,756.4
15,0.6,18,12,805.7
15,0.6,19,8,658.3
15,0.6,19,9,707.6
15,0.6,19,10,756.9
15,0.6,19,11,806.2
15,0.6,19,12,855.5
15,0.6,20,8,708.1
15,0.6,20,9,757.4
15,0.6,20,10,806.7
15,0.6,20,11,856
15,0.6,20,12,905.3
15,0.7,16,8,553.6
15,0.7,16,9,602.9
15,0.7,16,10,652.2
15,0.7,16,11,701.5
15,0.7,16,12,750.8
15,0.7,17,8,603.4
15,0.7,17,9,652.7
15,0.7,17,10,702
15,0.7,17,11,751.3
15,0.7,17,12,800.6
15,0.7,18,8,653.2
15,0.7,18,9,702.5
15,0.7,18,10,751.8
15,0.7,18,11,801.1
15,0.7,18,12,850.4
15,0.7,19,8,703
15,0.7,19,9,752.3
15,0.7,19,10,801.6
15,0.7,19,11,850.9
15,0.7,19,12,900.2
15,0.7,20,8,752.8
15,0.7,20,9,802.1
15,0.7,20,10,851.4
15,0.7,20,11,900.7
15,0.7,20,12,950
15,0.8,16,8,598.3
15,0.8,16,9,647.6
15,0.8,16,10,696.9
15,0.8,16,11,746.2
15,0.8,16,12,795.5
15,0.8,17,8,648.1
15,0.8,17,9,697.4
15,0.8,17,10,746.7
15,0.8,17,11,796
15,0.8,17,12,845.3
15,0.8,18,8,697.9
15,0.8,18,9,747.2
15,0.8,18,10,796.5
15,0.8,18,11,845.8
15,0.8,18,12,895.1
15,0.8,19,8,747.7
15,0.8,19,9,797
15,0.8,19,10,846.3
15,0.8,19,11,895.6
15,0.8,19,12,944.9
15,0.8,20,8,797.5
15,0.8,20,9,846.8
15,0.8,20,10,896.1
15,0.8,20,11,945.4
15,0.8,20,12,994.7
15,0.9,16,8,643
15,0.9,16,9,692.3
15,0.9,16,10,741.6
15,0.9,16,11,790.9
15,0.9,16,12,840.2
15,0.9,17,8,692.8
15,0.9,17,9,742.1
15,0.9,17,10,791.4
15,0.9,17,11,840.7
15,0.9,17,12,890
15,0.9,18,8,742.6
15,0.9,18,9,791.9
15,0.9,18,10,841.2
15,0.9,18,11,890.5
15,0.9,18,12,939.8
15,0.9,19,8,792.4
15,0.9,19,9,841.7
15,0.9,19,10,891
15,0.9,19,11,940.3
15,0.9,19,12,989.6
15,0.9,20,8,842.2
15,0.9,20,9,891.5
15,0.9,20,10,940.8
15,0.9,20,11,990.1
15,0.9,20,12,1039.4
15,1,16,8,687.7
15,1,16,9,737
15,1,16,10,786.3
15,1,16,11,835.6
15,1,16,12,884.9
15,1,17,8,737.5
15,1,17,9,786.8
15,1,17,10,836.1
15,1,17,11,885.4
15,1,17,12,934.7
15,1,18,8,787.3
15,1,18,9,836.6
15,1,18,10,885.9
15,1,18,11,935.2
15,1,18,12,984.5
15,1,19,8,837.1
15,1,19,9,886.4
15,1,19,10,935.7
15,1,19,11,985
15,1,19,12,1034.3
15,1,20,8,886.9
15,1,20,9,936.2
15,1,20,10,985.5
15,1,20,11,1034.8
15,1,20,12,1084.1
16,0.2,16,8,341.2
16,0.2,16,9,390.5
16,0.2,16,10,439.8
16,0.2,16,11,489.1
16,0.2,16,12,538.4
16,0.2,17,8,391
16,0.2,17,9,440.3
16,0.2,17,10,489.6
16,0.2,17,11,538.9
16,0.2,17,12,588.2
16,0.2,18,8,440.8
16,0.2,18,9,490.1
16,0.2,18,10,539.4
16,0.2,18,11,588.7
16,0.2,18,12,638
16,0.2,19,8,490.6
16,0.2,19,9,539.9
16,0.2,19,10,589.2
16,0.2,19,11,638.5
16,0.2,19,12,687.8
16,0.2,20,8,540.4
16,0.2,20,9,589.7
16,0.2,20,10,639
16,0.2,20,11,688.3
16,0.2,20,12,737.6
16,0.3,16,8,385.9
16,0.3,16,9,435.2
16,0.3,16,10,484.5
16,0.3,16,11,533.8
16,0.3,16,12,583.1
16,0.3,17,8,435.7
16,0.3,17,9,485
16,0.3,17,10,534.3
16,0.3,17,11,583.6
16,0.3,17,12,632.9
16,0.3,18,8,485.5
16,0.3,18,9,534.8
16,0.3,18,10,584.1
16,0.3,18,11,633.4
16,0.3,18,12,682.7
16,0.3,19,8,535.3
16,0.3,19,9,584.6
16,0.3,19,10,633.9
16,0.3,19,11,683.2
16,0.3,19,12,732.5
16,0.3,20,8,585.1
16,0.3,20,9,634.4
16,0.3,20,10,683.7
16,0.3,20,11,733
16,0.3,20,12,782.3
16,0.4,16,8,430.6
16,0.4,16,9,479.9
16,0.4,16,10,529.2
16,0.4,16,11,578.5
16,0.4,16,12,627.8
16,0.4,17,8,480.4
16,0.4,17,9,529.7
16,0.4,17,10,579
16,0.4,17,11,628.3
16,0.4,17,12,677.6
16,0.4,18,8,530.2
16,0.4,18,9,579.5
16,0.4,18,10,628.8
16,0.4,18,11,678.1
16,0.4,18,12,727.4
16,0.4,19,8,580
16,0.4,19,9,629.3
16,0.4,19,10,678.6
16,0.4,19,11,727.9
16,0.4,19,12,777.2
16,0.4,20,8,629.8
16,0.4,20,9,679.1
16,0.4,20,10,728.4
16,0.4,20,11,777.7
16,0.4,20,12,827
16,0.5,16,8,475.3
16,0.5,16,9,524.6
16,0.5,16,10,573.9
16,0.5,16,11,623.2
16,0.5,16,12,672.5
16,0.5,17,8,525.1
16,0.5,17,9,574.4
16,0.5,17,10,623.7
16,0.5,17,11,673
16,0.5,17,12,722.3
16,0.5,18,8,574.9
16,0.5,18,9,624.2
16,0.5,18,10,673.5
16,0.5,18,11,722.8
16,0.5,18,12,772.1
16,0.5,19,8,624.7
16,0.5,19,9,674
16,0.5,19,10,723.3
16,0.5,19,11,772.6
16,0.5,19,12,821.9
16,0.5,20,8,674.5
16,0.5,20,9,723.8
16,0.5,20,10,773.1
16,0.5,20,11,822.4
16,0.5,20,12,871.7
16,0.6,16,8,520
16,0.6,16,9,569.3
16,0.6,16,10,618.6
16,0.6,16,11,667.9
16,0.6,16,12,717.2
16,0.6,17,8,569.8
16,0.6,17,9,619.1
16,0.6,17,10,668.4
16,0.6,17,11,717.7
16,0.6,17,12,767
16,0.6,18,8,619.6
16,0.6,18,9,668.9
16,0.6,18,10,718.2
16,0.6,18,11,767.5
16,0.6,18,12,816.8
16,0.6,19,8,669.4
16,0.6,19,9,718.7
16,0.6,19,10,768
16,0.6,19,11,817.3
16,0.6,19,12,866.6
16,0.6,20,8,719.2
16,0.6,20,9,768.5
16,0.6,20,10,817.8
16,0.6,20,11,867.1
16,0.6,20,12,916.4
16,0.7,16,8,564.7
16,0.7,16,9,614
16,0.7,16,10,663.3
16,0.7,16,11,712.6
16,0.7,16,12,761.9
16,0.7,17,8,614.5
16,0.7,17,9,663.8
16,0.7,17,10,713.1
16,0.7,17,11,762.4
16,0.7,17,12,811.7
16,0.7,18,8,664.3
16,0.7,18,9,713.6
16,0.7,18,10,762.9
16,0.7,18,11,812.2
16,0.7,18,12,861.5
16,0.7,19,8,714.1
16,0.7,19,9,763.4
16,0.7,19,10,812.7
16,0.7,19,11,862
16,0.7,19,12,911.3
16,0.7,20,8,763.9
16,0.7,20,9,813.2
16,0.7,20,10,862.5
16,0.7,20,11,911.8
16,0.7,20,12,961.1
16,0.8,16,8,609.4
16,0.8,16,9,658.7
16,0.8,16,10,708
16,0.8,16,11,757.3
16,0.8,16,12,806.6
16,0.8,17,8,659.2
16,0.8,17,9,708.5
16,0.8,17,10,757.8
16,0.8,17,11,807.1
16,0.8,17,12,856.4
16,0.8,18,8,709
16,0.8,18,9,758.3
16,0.8,18,10,807.6
16,0.8,18,11,856.9
16,0.8,18,12,906.2
16,0.8,19,8,758.8
16,0.8,19,9,808.1
16,0.8,19,10,857.4
16,0.8,19,11,906.7
16,0.8,19,12,956
16,0.8,20,8,808.6
16,0.8,20,9,857.9
16,0.8,20,10,907.2
16,0.8,20,11,956.5
16,0.8,20,12,1005.8
16,0.9,16,8,654.1
16,0.9,16,9,703.4
16,0.9,16,10,752.7
16,0.9,16,11,802
16,0.9,16,12,851.3
16,0.9,17,8,703.9
16,0.9,17,9,753.2
16,0.9,17,10,802.5
16,0.9,17,11,851.8
16,0.9,17,12,901.1
16,0.9,18,8,753.7
16,0.9,18,9,803
16,0.9,18,10,852.3
16,0.9,18,11,901.6
16,0.9,18,12,950.9
16,0.9,19,8,803.5
16,0.9,19,9,852.8
16,0.9,19,10,902.1
16,0.9,19,11,951.4
16,0.9,19,12,1000.7
16,0.9,20,8,853.3
16,0.9,20,9,902.6
16,0.9,20,10,951.9
16,0.9,20,11,1001.2
16,0.9,20,12,1050.5
16,1,16,8,698.8
16,1,16,9,748.1
16,1,16,10,797.4
16,1,16,11,846.7
16,1,16,12,896
16,1,17,8,748.6
16,1,17,9,797.9
16,1,17,10,847.2
16,1,17,11,896.5
16,1,17,12,945.8
16,1,18,8,798.4
16,1,18,9,847.7
16,1,18,10,897
16,1,18,11,946.3
16,1,18,12,995.6
16,1,19,8,848.2
16,1,19,9,897.5
16,1,19,10,946.8
16,1,19,11,996.1
16,1,19,12,1045.4
16,1,20,8,898
16,1,20,9,947.3
16,1,20,10,996.6
16,1,20,11,1045.9
16,1,20,12,1095.2
17,0.2,16,8,352.3
17,0.2,16,9,401.6
17,0.2,16,10,450.9
17,0.2,16,11,500.2
17,0.2,16,12,549.5
17,0.2,17,8,402.1
17,0.2,17,9,451.4
17,0.2,17,10,500.7
17,0.2,17,11,550
17,0.2,17,12,599.3
17,0.2,18,8,451.9
17,0.2,18,9,501.2
17,0.2,18,10,550.5
17,0.2,18,11,599.8
17,0.2,18,12,649.1
17,0.2,19,8,501.7
17,0.2,19,9,551
17,0.2,19,10,600.3
17,0.2,19,11,649.6
17,0.2,19,12,698.9
17,0.2,20,8,551.5
17,0.2,20,9,600.8
17,0.2,20,10,650.1
17,0.2,20,11,699.4
17,0.2,20,12,748.7
17,0.3,16,8,397
17,0.3,16,9,446.3
17,0.3,16,10,495.6
17,0.3,16,11,544.9
17,0.3,16,12,594.2
17,0.3,17,8,446.8
17,0.3,17,9,496.1
17,0.3,17,10,545.4
17,0.3,17,11,594.7
17,0.3,17,12,644
17,0.3,18,8,496.6
17,0.3,18,9,545.9
17,0.3,18,10,595.2
17,0.3,18,11,644.5
17,0.3,18,12,693.8
17,0.3,19,8,546.4
17,0.3,19,9,595.7
17,0.3,19,10,645
17,0.3,19,11,694.3
17,0.3,19,12,743.6
17,0.3,20,8,596.2
17,0.3,20,9,645.5
17,0.3,20,10,694.8
17,0.3,20,11,744.1
17,0.3,20,12,793.4
17,0.4,16,8,441.7
17,0.4,16,9,491
17,0.4,16,10,540.3
17,0.4,16,11,589.6
17,0.4,16,12,638.9
17,0.4,17,8,491.5
17,0.4,17,9,540.8
17,0.4,17,10,590.1
17,0.4,17,11,639.4
17,0.4,17,12,688.7
17,0.4,18,8,541.3
17,0.4,18,9,590.6
17,0.4,18,10,639.9
17,0.4,18,11,689.2
17,0.4,18,12,738.5
17,0.4,19,8,591.1
17,0.4,19,9,640.4
17,0.4,19,10,689.7
17,0.4,19,11,739
17,0.4,19,12,788.3
17,0.4,20,8,640.9
17,0.4,20,9,690.2
17,0.4,20,10,739.5
17,0.4,20,11,788.8
17,0.4,20,12,838.1
17,0.5,16,8,486.4
17,0.5,16,9,535.7
17,0.5,16,10,585
17,0.5,16,11,634.3
17,0.5,16,12,683.6
17,0.5,17,8,536.2
17,0.5,17,9,585.5
17,0.5,17,10,634.8
17,0.5,17,11,684.1
17,0.5,17,12,733.4
17,0.5,18,8,586
17,0.5,18,9,635.3
17,0.5,18,10,684.6
17,0.5,18,11,733.9
17,0.5,18,12,783.2
17,0.5,19,8,635.8
17,0.5,19,9,685.1
17,0.5,19,10,734.4
17,0.5,19,11,783.7
17,0.5,19,12,833
17,0.5,20,8,685.6
17,0.5,20,9,734.9
17,0.5,20,10,784.2
17,0.5,20,11,833.5
17,0.5,20,12,882.8
17,0.6,16,8,531.1
17,0.6,16,9,580.4
17,0.6,16,10,629.7
17,0.6,16,11,679
17,0.6,16,12,728.3
17,0.6,17,8,580.9
17,0.6,17,9,630.2
17,0.6,17,10,679.5
17,0.6,17,11,728.8
17,0.6,17,12,778.1
17,0.6,18,8,630.7
17,0.6,18,9,680
17,0.6,18,10,729.3
17,0.6,18,11,778.6
17,0.6,18,12,827.9
17,0.6,19,8,680.5
17,0.6,19,9,729.8
17,0.6,19,10,779.1
17,0.6,19,11,828.4
17,0.6,19,12,877.7
17,0.6,20,8,730.3
17,0.6,20,9,779.6
17,0.6,20,10,828.9
17,0.6,20,11,878.2
17,0.6,20,12,927.5
17,0.7,16,8,575.8
17,0.7,16,9,625.1
17,0.7,16,10,674.4
17,0.7,16,11,723.7
17,0.7,16,12,773
17,0.7,17,8,625.6
17,0.7,17,9,674.9
17,0.7,17,10,724.2
17,0.7,17,11,773.5
17,0.7,17,12,822.8
17,0.7,18,8,675.4
17,0.7,18,9,724.7
17,0.7,18,10,774
17,0.7,18,11,823.3
17,0.7,18,12,872.6
17,0.7,19,8,725.2
17,0.7,19,9,774.5
17,0.7,19,10,823.8
17,0.7,19,11,873.1
17,0.7,19,12,922.4
17,0.7,20,8,775
17,0.7,20,9,824.3
17,0.7,20,10,873.6
17,0.7,20,11,922.9
17,0.7,20,12,972.2
17,0.8,16,8,620.5
17,0.8,16,9,669.8
17,0.8,16,10,719.1
17,0.8,16,11,768.4
17,0.8,16,12,817.7
17,0.8,17,8,670.3
17,0.8,17,9,719.6
17,0.8,17,10,768.9
17,0.8,17,11,818.2
17,0.8,17,12,867.5
17,0.8,18,8,720.1
17,0.8,18,9,769.4
17,0.8,18,10,818.7
17,0.8,18,11,868
17,0.8,18,12,917.3
17,0.8,19,8,769.9
17,0.8,19,9,819.2
17,0.8,19,10,868.5
17,0.8,19,11,917.8
17,0.8,19,12,967.1
17,0.8,20,8,819.7
17,0.8,20,9,869
17,0.8,20,10,918.3
17,0.8,20,11,967.6
17,0.8,20,12,1016.9
17,0.9,16,8,665.2
17,0.9,16,9,714.5
17,0.9,16,10,763.8
17,0.9,16,11,813.1
17,0.9,16,12,862.4
17,0.9,17,8,715
17,0.9,17,9,764.3
17,0.9,17,10,813.6
17,0.9,17,11,862.9
17,0.9,17,12,912.2
17,0.9,18,8,764.8
17,0.9,18,9,814.1
17,0.9,18,10,863.4
17,0.9,18,11,912.7
17,0.9,18,12,962
17,0.9,19,8,814.6
17,0.9,19,9,863.9
17,0.9,19,10,913.2
17,0.9,19,11,962.5
17,0.9,19,12,1011.8
17,0.9,20,8,864.4
17,0.9,20,9,913.7
17,0.9,20,10,963
17,0.9,20,11,1012.3
17,0.9,20,12,1061.6
17,1,16,8,709.9
17,1,16,9,759.2
17,1,16,10,808.5
17,1,16,11,857.8
17,1,16,12,907.1
17,1,17,8,759.7
17,1,17,9,809
17,1,17,10,858.3
17,1,17,11,907.6
17,1,17,12,956.9
17,1,18,8,809.5
17,1,18,9,858.8
17,1,18,10,908.1
17,1,18,11,957.4
17,1,18,12,1006.7
17,1,19,8,859.3
17,1,19,9,908.6
17,1,19,10,957.9
17,1,19,11,1007.2
17,1,19,12,1056.5
17,1,20,8,909.1
17,1,20,9,958.4
17,1,20,10,1007.7
17,1,20,11,1057
17,1,20,12,1106.3
18,0.2,16,8,363.4
18,0.2,16,9,412.7
18,0.2,16,10,462
18,0.2,16,11,511.3
18,0.2,16,12,560.6
18,0.2,17,8,413.2
18,0.2,17,9,462.5
18,0.2,17,10,511.8
18,0.2,17,11,561.1
18,0.2,17,12,610.4
18,0.2,18,8,463
18,0.2,18,9,512.3
18,0.2,18,10,561.6
18,0.2,18,11,610.9
18,0.2,18,12,660.2
18,0.2,19,8,512.8
18,0.2,19,9,562.1
18,0.2,19,10,611.4
18,0.2,19,11,660.7
18,0.2,19,12,710
18,0.2,20,8,562.6
18,0.2,20,9,611.9
18,0.2,20,10,661.2
18,0.2,20,11,710.5
18,0.2,20,12,759.8
18,0.3,16,8,408.1
18,0.3,16,9,457.4
18,0.3,16,10,506.7
18,0.3,16,11,556
18,0.3,16,12,605.3
18,0.3,17,8,457.9
18,0.3,17,9,507.2
18,0.3,17,10,556.5
18,0.3,17,11,605.8
18,0.3,17,12,655.1
18,0.3,18,8,507.7
18,0.3,18,9,557
18,0.3,18,10,606.3
18,0.3,18,11,655.6
18,0.3,18,12,704.9
18,0.3,19,8,557.5
18,0.3,19,9,606.8
18,0.3,19,10,656.1
18,0.3,19,11,705.4
18,0.3,19,12,754.7
18,0.3,20,8,607.3
18,0.3,20,9,656.6
18,0.3,20,10,705.9
18,0.3,20,11,755.2
18,0.3,20,12,804.5
18,0.4,16,8,452.8
18,0.4,16,9,502.1
18,0.4,16,10,551.4
18,0.4,16,11,600.7
18,0.4,16,12,650
18,0.4,17,8,502.6
18,0.4,17,9,551.9
18,0.4,17,10,601.2
18,0.4,17,11,650.5
18,0.4,17,12,699.8
18,0.4,18,8,552.4
18,0.4,18,9,601.7
18,0.4,18,10,651
18,0.4,18,11,700.3
18,0.4,18,12,749.6
18,0.4,19,8,602.2
18,0.4,19,9,651.5
18,0.4,19,10,700.8
18,0.4,19,11,750.1
18,0.4,19,12,799.4
18,0.4,20,8,652
18,0.4,20,9,701.3
18,0.4,20,10,750.6
18,0.4,20,11,799.9
18,0.4,20,12,849.2
18,0.5,16,8,497.5
18,0.5,16,9,546.8
18,0.5,16,10,596.1
18,0.5,16,11,645.4
18,0.5,16,12,694.7
18,0.5,17,8,547.3
18,0.5,17,9,596.6
18,0.5,17,10,645.9
18,0.5,17,11,695.2
18,0.5,17,12,744.5
18,0.5,18,8,597.1
18,0.5,18,9,646.4
18,0.5,18,10,695.7
18,0.5,18,11,745
18,0.5,18,12,794.3
18,0.5,19,8,646.9
18,0.5,19,9,696.2
18,0.5,19,10,745.5
18,0.5,19,11,794.8
18,0.5,19,12,844.1
18,0.5,20,8,696.7
18,0.5,20,9,746
18,0.5,20,10,795.3
18,0.5,20,11,844.6
18,0.5,20,12,893.9
18,0.6,16,8,542.2
18,0.6,16,9,591.5
18,0.6,16,10,640.8
18,0.6,16,11,690.1
18,0.6,16,12,739.4
18,0.6,17,8,592
18,0.6,17,9,641.3
18,0.6,17,10,690.6
18,0.6,17,11,739.9
18,0.6,17,12,789.2
18,0.6,18,8,641.8
18,0.6,18,9,691.1
18,0.6,18,10,740.4
18,0.6,18,11,789.7
18,0.6,18,12,839
18,0.6,19,8,691.6
18,0.6,19,9,740.9
18,0.6,19,10,790.2
18,0.6,19,11,839.5
18,0.6,19,12,888.8
18,0.6,20,8,741.4
18,0.6,20,9,790.7
18,0.6,20,10,840
18,0.6,20,11,889.3
18,0.6,20,12,938.6
18,0.7,16,8,586.9
18,0.7,16,9,636.2
18,0.7,16,10,685.5
18,0.7,16,11,734.8
18,0.7,16,12,784.1
18,0.7,17,8,636.7
18,0.7,17,9,686
18,0.7,17,10,735.3
18,0.7,17,11,784.6
18,0.7,17,12,833.9
18,0.7,18,8,686.5
18,0.7,18,9,735.8
18,0.7,18,10,785.1
18,0.7,18,11,834.4
18,0.7,18,12,883.7
18,0.7,19,8,736.3
18,0.7,19,9,785.6
18,0.7,19,10,834.9
18,0.7,19,11,884.2
18,0.7,19,12,933.5
18,0.7,20,8,786.1
18,0.7,20,9,835.4
18,0.7,20,10,884.7
18,0.7,20,11,934
18,0.7,20,12,983.3
18,0.8,16,8,631.6
18,0.8,16,9,680.9
18,0.8,16,10,730.2
18,0.8,16,11,779.5
18,0.8,16,12,828.8
18,0.8,17,8,681.4
18,0.8,17,9,730.7
18,0.8,17,10,780
18,0.8,17,11,829.3
18,0.8,17,12,878.6
18,0.8,18,8,731.2
18,0.8,18,9,780.5
18,0.8,18,10,829.8
18,0.8,18,11,879.1
18,0.8,18,12,928.4
18,0.8,19,8,781
18,0.8,19,9,830.3
18,0.8,19,10,879.6
18,0.8,19,11,928.9
18,0.8,19,12,978.2
18,0.8,20,8,830.8
18,0.8,20,9,880.1
18,0.8,20,10,929.4
18,0.8,20,11,978.7
18,0.8,20,12,1028
18,0.9,16,8,676.3
18,0.9,16,9,725.6
18,0.9,16,10,774.9
18,0.9,16,11,824.2
18,0.9,16,12,873.5
18,0.9,17,8,726.1
18,0.9,17,9,775.4
18,0.9,17,10,824.7
18,0.9,17,11,874
18,0.9,17,12,923.3
18,0.9,18,8,775.9
18,0.9,18,9,825.2
18,0.9,18,10,874.5
18,0.9,18,11,923.8
18,0.9,18,12,973.1
18,0.9,19,8,825.7
18,0.9,19,9,875
18,0.9,19,10,924.3
18,0.9,19,11,973.6
18,0.9,19,12,1022.9
18,0.9,20,8,875.5
18,0.9,20,9,924.8
18,0.9,20,10,974.1
18,0.9,20,11,1023.4
18,0.9,20,12,1072.7
18,1,16,8,721
18,1,16,9,770.3
18,1,16,10,819.6
18,1,16,11,868.9
18,1,16,12,918.2
18,1,17,8,770.8
18,1,17,9,820.1
18,1,17,10,869.4
18,1,17,11,918.7
18,1,17,12,968
18,1,18,8,820.6
18,1,18,9,869.9
18,1,18,10,919.2
18,1,18,11,968.5
18,1,18,12,1017.8
18,1,19,8,870.4
18,1,19,9,919.7
18,1,19,10,969
18,1,19,11,1018.3
18,1,19,12,1067.6
18,1,20,8,920.2
18,1,20,9,969.5
18,1,20,10,1018.8
18,1,20,11,1068.1
18,1,20,12,1117.4
19,0.2,16,8,374.5
19,0.2,16,9,423.8
19,0.2,16,10,473.1
19,0.2,16,11,522.4
19,0.2,16,12,571.7
19,0.2,17,8,424.3
19,0.2,17,9,473.6
19,0.2,17,10,522.9
19,0.2,17,11,572.2
19,0.2,17,12,621.5
19,0.2,18,8,474.1
19,0.2,18,9,523.4
19,0.2,18,10,572.7
19,0.2,18,11,622
19,0.2,18,12,671.3
19,0.2,19,8,523.9
19,0.2,19,9,573.2
19,0.2,19,10,622.5
19,0.2,19,11,671.8
19,0.2,19,12,721.1
19,0.2,20,8,573.7
19,0.2,20,9,623
19,0.2,20,10,672.3
19,0.2,20,11,721.6
19,0.2,20,12,770.9
19,0.3,16,8,419.2
19,0.3,16,9,468.5
19,0.3,16,10,517.8
19,0.3,16,11,567.1
19,0.3,16,12,616.4
19,0.3,17,8,469
19,0.3,17,9,518.3
19,0.3,17,10,567.6
19,0.3,17,11,616.9
19,0.3,17,12,666.2
19,0.3,18,8,518.8
19,0.3,18,9,568.1
19,0.3,18,10,617.4
19,0.3,18,11,666.7
19,0.3,18,12,716
19,0.3,19,8,568.6
19,0.3,19,9,617.9
19,0.3,19,10,667.2
19,0.3,19,11,716.5
19,0.3,19,12,765.8
19,0.3,20,8,618.4
19,0.3,20,9,667.7
19,0.3,20,10,717
19,0.3,20,11,766.3
19,0.3,20,12,815.6
19,0.4,16,8,463.9
19,0.4,16,9,513.2
19,0.4,16,10,562.5
19,0.4,16,11,611.8
19,0.4,16,12,661.1
19,0.4,17,8,513.7
19,0.4,17,9,563
19,0.4,17,10,612.3
19,0.4,17,11,661.6
19,0.4,17,12,710.9
19,0.4,18,8,563.5
19,0.4,18,9,612.8
19,0.4,18,10,662.1
19,0.4,18,11,711.4
19,0.4,18,12,760.7
19,0.4,19,8,613.3
19,0.4,19,9,662.6
19,0.4,19,10,711.9
19,0.4,19,11,761.2
19,0.4,19,12,810.5
19,0.4,20,8,663.1
19,0.4,20,9,712.4
19,0.4,20,10,761.7
19,0.4,20,11,811
19,0.4,20,12,860.3
19,0.5,16,8,508.6
19,0.5,16,9,557.9
19,0.5,16,10,607.2
19,0.5,16,11,656.5
19,0.5,16,12,705.8
19,0.5,17,8,558.4
19,0.5,17,9,607.7
19,0.5,17,10,657
19,0.5,17,11,706.3
19,0.5,17,12,755.6
19,0.5,18,8,608.2
19,0.5,18,9,657.5
19,0.5,18,10,706.8
19,0.5,18,11,756.1
19,0.5,18,12,805.4
19,0.5,19,8,658
19,0.5,19,9,707.3
19,0.5,19,10,756.6
19,0.5,19,11,805.9
19,0.5,19,12,855.2
19,0.5,20,8,707.8
19,0.5,20,9,757.1
19,0.5,20,10,806.4
19,0.5,20,11,855.7
19,0.5,20,12,905
19,0.6,16,8,553.3
19,0.6,16,9,602.6
19,0.6,16,10,651.9
19,0.6,16,11,701.2
19,0.6,16,12,750.5
19,0.6,17,8,603.1
19,0.6,17,9,652.4
19,0.6,17,10,701.7
19,0.6,17,11,751
19,0.6,17,12,800.3
19,0.6,18,8,652.9
19,0.6,18,9,702.2
19,0.6,18,10,751.5
19,0.6,18,11,800.8
19,0.6,18,12,850.1
19,0.6,19,8,702.7
19,0.6,19,9,752
19,0.6,19,10,801.3
19,0.6,19,11,850.6
19,0.6,19,12,899.9
19,0.6,20,8,752.5
19,0.6,20,9,801.8
19,0.6,20,10,851.1
19,0.6,20,11,900.4
19,0.6,20,12,949.7
19,0.7,16,8,598
19,0.7,16,9,647.3
19,0.7,16,10,696.6
19,0.7,16,11,745.9
19,0.7,16,12,795.2
19,0.7,17,8,647.8
19,0.7,17,9,697.1
19,0.7,17,10,746.4
19,0.7,17,11,795.7
19,0.7,17,12,845
19,0.7,18,8,697.6
19,0.7,18,9,746.9
19,0.7,18,10,796.2
19,0.7,18,11,845.5
19,0.7,18,12,894.8
19,0.7,19,8,747.4
19,0.7,19,9,796.7
19,0.7,19,10,846
19,0.7,19,11,895.3
19,0.7,19,12,944.6
19,0.7,20,8,797.2
19,0.7,20,9,846.5
19,0.7,20,10,895.8
19,0.7,20,11,945.1
19,0.7,20,12,994.4
19,0.8,16,8,642.7
19,0.8,16,9,692
19,0.8,16,10,741.3
19,0.8,16,11,790.6
19,0.8,16,12,839.9
19,0.8,17,8,692.5
19,0.8,17,9,741.8
19,0.8,17,10,791.1
19,0.8,17,11,840.4
19,0.8,17,12,889.7
19,0.8,18,8,742.3
19,0.8,18,9,791.6
19,0.8,18,10,840.9
19,0.8,18,11,890.2
19,0.8,18,12,939.5
19,0.8,19,8,792.1
19,0.8,19,9,841.4
19,0.8,19,10,890.7
19,0.8,19,11,940
19,0.8,19,12,989.3
19,0.8,20,8,841.9
19,0.8,20,9,891.2
19,0.8,20,10,940.5
19,0.8,20,11,989.8
19,0.8,20,12,1039.1
19,0.9,16,8,687.4
19,0.9,16,9,736.7
19,0.9,16,10,786
19,0.9,16,11,835.3
19,0.9,16,12,884.6
19,0.9,17,8,737.2
19,0.9,17,9,786.5
19,0.9,17,10,835.8
19,0.9,17,11,885.1
19,0.9,17,12,934.4
19,0.9,18,8,787
19,0.9,18,9,836.3
19,0.9,18,10,885.6
19,0.9,18,11,934.9
19,0.9,18,12,984.2
19,0.9,19,8,836.8
19,0.9,19,9,886.1
19,0.9,19,10,935.4
19,0.9,19,11,984.7
19,0.9,19,12,1034
19,0.9,20,8,886.6
19,0.9,20,9,935.9
19,0.9,20,10,985.2
19,0.9,20,11,1034.5
19,0.9,20,12,1083.8
19,1,16,8,732.1
19,1,16,9,781.4
19,1,16,10,830.7
19,1,16,11,880
19,1,16,12,929.3
19,1,17,8,781.9
19,1,17,9,831.2
19,1,17,10,880.5
19,1,17,11,929.8
19,1,17,12,979.1
19,1,18,8,831.7
19,1,18,9,881
19,1,18,10,930.3
19,1,18,11,979.6
19,1,18,12,1028.9
19,1,19,8,881.5
19,1,19,9,930.8
19,1,19,10,980.1
19,1,19,11,1029.4
19,1,19,12,1078.7
19,1,20,8,931.3
19,1,20,9,980.6
19,1,20,10,1029.9
19,1,20,11,1079.2
19,1,20,12,1128.5
20,0.2,16,8,385.6
20,0.2,16,9,434.9
20,0.2,16,10,484.2
20,0.2,16,11,533.5
20,0.2,16,12,582.8
20,0.2,17,8,435.4
20,0.2,17,9,484.7
20,0.2,17,10,534
20,0.2,17,11,583.3
20,0.2,17,12,632.6
20,0.2,18,8,485.2
20,0.2,18,9,534.5
20,0.2,18,10,583.8
20,0.2,18,11,633.1
20,0.2,18,12,682.4
20,0.2,19,8,535
20,0.2,19,9,584.3
20,0.2,19,10,633.6
20,0.2,19,11,682.9
20,0.2,19,12,732.2
20,0.2,20,8,584.8
20,0.2,20,9,634.1
20,0.2,20,10,683.4
20,0.2,20,11,732.7
20,0.2,20,12,782
20,0.3,16,8,430.3
20,0.3,16,9,479.6
20,0.3,16,10,528.9
20,0.3,16,11,578.2
20,0.3,16,12,627.5
20,0.3,17,8,480.1
20,0.3,17,9,529.4
20,0.3,17,10,578.7
20,0.3,17,11,628
20,0.3,17,12,677.3
20,0.3,18,8,529.9
20,0.3,18,9,579.2
20,0.3,18,10,628.5
20,0.3,18,11,677.8
20,0.3,18,12,727.1
20,0.3,19,8,579.7
20,0.3,19,9,629
20,0.3,19,10,678.3
20,0.3,19,11,727.6
20,0.3,19,12,776.9
20,0.3,20,8,629.5
20,0.3,20,9,678.8
20,0.3,20,10,728.1
20,0.3,20,11,777.4
20,0.3,20,12,826.7
20,0.4,16,8,475
20,0.4,16,9,524.3
20,0.4,16,10,573.6
20,0.4,16,11,622.9
20,0.4,16,12,672.2
20,0.4,17,8,524.8
20,0.4,17,9,574.1
20,0.4,17,10,623.4
20,0.4,17,11,672.7
20,0.4,17,12,722
20,0.4,18,8,574.6
20,0.4,18,9,623.9
20,0.4,18,10,673.2
20,0.4,18,11,722.5
20,0.4,18,12,771.8
20,0.4,19,8,624.4
20,0.4,19,9,673.7
20,0.4,19,10,723
20,0.4,19,11,772.3
20,0.4,19,12,821.6
20,0.4,20,8,674.2
20,0.4,20,9,723.5
20,0.4,20,10,772.8
20,0.4,20,11,822.1
20,0.4,20,12,871.4
20,0.5,16,8,519.7
20,0.5,16,9,569
20,0.5,16,10,618.3
20,0.5,16,11,667.6
20,0.5,16,12,716.9
20,0.5,17,8,569.5
20,0.5,17,9,618.8
20,0.5,17,10,668.1
20,0.5,17,11,717.4
20,0.5,17,12,766.7
20,0.5,18,8,619.3
20,0.5,18,9,668.6
20,0.5,18,10,717.9
20,0.5,18,11,767.2
20,0.5,18,12,816.5
20,0.5,19,8,669.1
20,0.5,19,9,718.4
20,0.5,19,10,767.7
20,0.5,19,11,817
20,0.5,19,12,866.3
20,0.5,20,8,718.9
20,0.5,20,9,768.2
20,0.5,20,10,817.5
20,0.5,20,11,866.8
20,0.5,20,12,916.1
20,0.6,16,8,564.4
20,0.6,16,9,613.7
20,0.6,16,10,663
20,0.6,16,11,712.3
20,0.6,16,12,761.6
20,0.6,17,8,614.2
20,0.6,17,9,663.5
20,0.6,17,10,712.8
20,0.6,17,11,762.1
20,0.6,17,12,811.4
20,0.6,18,8,664
20,0.6,18,9,713.3
20,0.6,18,10,762.6
20,0.6,18,11,811.9
20,0.6,18,12,861.2
20,0.6,19,8,713.8
20,0.6,19,9,763.1
20,0.6,19,10,812.4
20,0.6,19,11,861.7
20,0.6,19,12,911
20,0.6,20,8,763.6
20,0.6,20,9,812.9
20,0.6,20,10,862.2
20,0.6,20,11,911.5
20,0.6,20,12,960.8
20,0.7,16,8,609.1
20,0.7,16,9,658.4
20,0.7,16,10,707.7
20,0.7,16,11,757
20,0.7,16,12,806.3
20,0.7,17,8,658.9
20,0.7,17,9,708.2
20,0.7,17,10,757.5
20,0.7,17,11,806.8
20,0.7,17,12,856.1
20,0.7,18,8,708.7
20,0.7,18,9,758
20,0.7,18,10,807.3
20,0.7,18,11,856.6
20,0.7,18,12,905.9
20,0.7,19,8,758.5
20,0.7,19,9,807.8
20,0.7,19,10,857.1
20,0.7,19,11,906.4
20,0.7,19,12,955.7
20,0.7,20,8,808.3
20,0.7,20,9,857.6
20,0.7,20,10,906.9
20,0.7,20,11,956.2
20,0.7,20,12,1005.5
20,0.8,16,8,653.8
20,0.8,16,9,703.1
20,0.8,16,10,752.4
20,0.8,16,11,801.7
20,0.8,16,12,851
20,0.8,17,8,703.6
20,0.8,17,9,752.9
20,0.8,17,10,802.2
20,0.8,17,11,851.5
20,0.8,17,12,900.8
20,0.8,18,8,753.4
20,0.8,18,9,802.7
20,0.8,18,10,852
20,0.8,18,11,901.3
20,0.8,18,12,950.6
20,0.8,19,8,803.2
20,0.8,19,9,852.5
20,0.8,19,10,901.8
20,0.8,19,11,951.1
20,0.8,19,12,1000.4
20,0.8,20,8,853
20,0.8,20,9,902.3
20,0.8,20,10,951.6
20,0.8,20,11,1000.9
20,0.8,20,12,1050.2
20,0.9,16,8,698.5
20,0.9,16,9,747.8
20,0.9,16,10,797.1
20,0.9,16,11,846.4
20,0.9,16,12,895.7
20,0.9,17,8,748.3
20,0.9,17,9,797.6
20,0.9,17,10,846.9
20,0.9,17,11,896.2
20,0.9,17,12,945.5
20,0.9,18,8,798.1
20,0.9,18,9,847.4
20,0.9,18,10,896.7
20,0.9,18,11,946
20,0.9,18,12,995.3
20,0.9,19,8,847.9
20,0.9,19,9,897.2
20,0.9,19,10,946.5
20,0.9,19,11,995.8
20,0.9,19,12,1045.1
20,0.9,20,8,897.7
20,0.9,20,9,947
20,0.9,20,10,996.3
20,0.9,20,11,1045.6
20,0.9,20,12,1094.9
20,1,16,8,743.2
20,1,16,9,792.5
20,1,16,10,841.8
20,1,16,11,891.1
20,1,16,12,940.4
20,1,17,8,793
20,1,17,9,842.3
20,1,17,10,891.6
20,1,17,11,940.9
20,1,17,12,990.2
20,1,18,8,842.8
20,1,18,9,892.1
20,1,18,10,941.4
20,1,18,11,990.7
20,1,18,12,1040
20,1,19,8,892.6
20,1,19,9,941.9
20,1,19,10,991.2
20,1,19,11,1040.5
20,1,19,12,1089.8
20,1,20,8,942.4
20,1,20,9,991.7
20,1,20,10,1041
20,1,20,11,1090.3
20,1,20,12,1139.6
21,0.2,16,8,396.7
21,0.2,16,9,446
21,0.2,16,10,495.3
21,0.2,16,11,544.6
21,0.2,16,12,593.9
21,0.2,17,8,446.5
21,0.2,17,9,495.8
21,0.2,17,10,545.1
21,0.2,17,11,594.4
21,0.2,17,12,643.7
21,0.2,18,8,496.3
21,0.2,18,9,545.6
21,0.2,18,10,594.9
21,0.2,18,11,644.2
21,0.2,18,12,693.5
21,0.2,19,8,546.1
21,0.2,19,9,595.4
21,0.2,19,10,644.7
21,0.2,19,11,694
21,0.2,19,12,743.3
21,0.2,20,8,595.9
21,0.2,20,9,645.2
21,0.2,20,10,694.5
21,0.2,20,11,743.8
21,0.2,20,12,793.1
21,0.3,16,8,441.4
21,0.3,16,9,490.7
21,0.3,16,10,540
21,0.3,16,11,589.3
21,0.3,16,12,638.6
21,0.3,17,8,491.2
21,0.3,17,9,540.5
21,0.3,17,10,589.8
21,0.3,17,11,639.1
21,0.3,17,12,688.4
21,0.3,18,8,541
21,0.3,18,9,590.3
21,0.3,18,10,639.6
21,0.3,18,11,688.9
21,0.3,18,12,738.2
21,0.3,19,8,590.8
21,0.3,19,9,640.1
21,0.3,19,10,689.4
21,0.3,19,11,738.7
21,0.3,19,12,788
21,0.3,20,8,640.6
21,0.3,20,9,689.9
21,0.3,20,10,739.2
21,0.3,20,11,788.5
21,0.3,20,12,837.8
21,0.4,16,8,486.1
21,0.4,16,9,535.4
21,0.4,16,10,584.7
21,0.4,16,11,634
21,0.4,16,12,683.3
21,0.4,17,8,535.9
21,0.4,17,9,585.2
21,0.4,17,10,634.5
21,0.4,17,11,683.8
21,0.4,17,12,733.1
21,0.4,18,8,585.7
21,0.4,18,9,635
21,0.4,18,10,684.3
21,0.4,18,11,733.6
21,0.4,18,12,782.9
21,0.4,19,8,635.5
21,0.4,19,9,684.8
21,0.4,19,10,734.1
21,0.4,19,11,783.4
21,0.4,19,12,832.7
21,0.4,20,8,685.3
21,0.4,20,9,734.6
21,0.4,20,10,783.9
21,0.4,20,11,833.2
21,0.4,20,12,882.5
21,0.5,16,8,530.8
21,0.5,16,9,580.1
21,0.5,16,10,629.4
21,0.5,16,11,678.7
21,0.5,16,12,728
21,0.5,17,8,580.6
21,0.5,17,9,629.9
21,0.5,17,10,679.2
21,0.5,17,11,728.5
21,0.5,17,12,777.8
21,0.5,18,8,630.4
21,0.5,18,9,679.7
21,0.5,18,10,729
21,0.5,18,11,778.3
21,0.5,18,12,827.6
21,0.5,19,8,680.2
21,0.5,19,9,729.5
21,0.5,19,10,778.8
21,0.5,19,11,828.1
21,0.5,19,12,877.4
21,0.5,20,8,730
21,0.5,20,9,779.3
21,0.5,20,10,828.6
21,0.5,20,11,877.9
21,0.5,20,12,927.2
21,0.6,16,8,575.5
21,0.6,16,9,624.8
21,0.6,16,10,674.1
21,0.6,16,11,723.4
21,0.6,16,12,772.7
21,0.6,17,8,625.3
21,0.6,17,9,674.6
21,0.6,17,10,723.9
21,0.6,17,11,773.2
21,0.6,17,12,822.5
21,0.6,18,8,675.1
21,0.6,18,9,724.4
21,0.6,18,10,773.7
21,0.6,18,11,823
21,0.6,18,12,872.3
21,0.6,19,8,724.9
21,0.6,19,9,774.2
21,0.6,19,10,823.5
21,0.6,19,11,872.8
21,0.6,19,12,922.1
21,0.6,20,8,774.7
21,0.6,20,9,824
21,0.6,20,10,873.3
21,0.6,20,11,922.6
21,0.6,20,12,971.9
21,0.7,16,8,620.2
21,0.7,16,9,669.5
21,0.7,16,10,718.8
21,0.7,16,11,768.1
21,0.7,16,12,817.4
21,0.7,17,8,670
21,0.7,17,9,719.3
21,0.7,17,10,768.6
21,0.7,17,11,817.9
21,0.7,17,12,867.2
21,0.7,18,8,719.8
21,0.7,18,9,769.1
21,0.7,18,10,818.4
21,0.7,18,11,867.7
21,0.7,18,12,917
21,0.7,19,8,769.6
21,0.7,19,9,818.9
21,0.7,19,10,868.2
21,0.7,19,11,917.5
21,0.7,19,12,966.8
21,0.7,20,8,819.4
21,0.7,20,9,868.7
21,0.7,20,10,918
21,0.7,20,11,967.3
21,0.7,20,12,1016.6
21,0.8,16,8,664.9
21,0.8,16,9,714.2
21,0.8,16,10,763.5
21,0.8,16,11,812.8
21,0.8,16,12,862.1
21,0.8,17,8,714.7
21,0.8,17,9,764
21,0.8,17,10,813.3
21,0.8,17,11,862.6
21,0.8,17,12,911.9
21,0.8,18,8,764.5
21,0.8,18,9,813.8
21,0.8,18,10,863.1
21,0.8,18,11,912.4
21,0.8,18,12,961.7
21,0.8,19,8,814.3
21,0.8,19,9,863.6
21,0.8,19,10,912.9
21,0.8,19,11,962.2
21,0.8,19,12,1011.5
21,0.8,20,8,864.1
21,0.8,20,9,913.4
21,0.8,20,10,962.7
21,0.8,20,11,1012
21,0.8,20,12,1061.3
21,0.9,16,8,709.6
21,0.9,16,9,758.9
21,0.9,16,10,808.2
21,0.9,16,11,857.5
21,0.9,16,12,906.8
21,0.9,17,8,759.4
21,0.9,17,9,808.7
21,0.9,17,10,858
21,0.9,17,11,907.3
21,0.9,17,12,956.6
21,0.9,18,8,809.2
21,0.9,18,9,858.5
21,0.9,18,10,907.8
21,0.9,18,11,957.1
21,0.9,18,12,1006.4
21,0.9,19,8,859
21,0.9,19,9,908.3
21,0.9,19,10,957.6
21,0.9,19,11,1006.9
21,0.9,19,12,1056.2
21,0.9,20,8,908.8
21,0.9,20,9,958.1
21,0.9,20,10,1007.4
21,0.9,20,11,1056.7
21,0.9,20,12,1106
21,1,16,8,754.3
21,1,16,9,803.6
21,1,16,10,852.9
21,1,16,11,902.2
21,1,16,12,951.5
21,1,17,8,804.1
21,1,17,9,853.4
21,1,17,10,902.7
21,1,17,11,952
21,1,17,12,1001.3
21,1,18,8,853.9
21,1,18,9,903.2
21,1,18,10,952.5
21,1,18,11,1001.8
21,1,18,12,1051.1
21,1,19,8,903.7
21,1,19,9,953
21,1,19,10,1002.3
21,1,19,11,1051.6
21,1,19,12,1100.9
21,1,20,8,953.5
21,1,20,9,1002.8
21,1,20,10,1052.1
21,1,20,11,1101.4
21,1,20,12,1150.7
